table,rows,cols,filled_pct
1t_god__2021__2021_1t_god,7721951,16,42.0
1t_god__2022__2022_1t_god,8285961,18,48.3
1t_god__2023__2023_1t_god,8574325,19,51.0
1t_god__2024__sr_1t_god_12_2024,5443662,30,65.7
1t_kv__2021__1kv__1kv2021,1547716,8,78.8
1t_kv__2021__2kv__2kv2021,1572541,8,78.9
1t_kv__2021__3kv__3kv2021,1614596,8,78.9
1t_kv__2021__4kv__4kv2021,1624192,8,78.9
1t_kv__2022__1kv__1kv2022,1555073,10,83.1
1t_kv__2022__2kv__2kv2022,1562755,10,83.1
1t_kv__2022__3kv__3kv2022,1619210,10,83.1
1t_kv__2022__4kv__4kv2022,1631009,10,83.1
1t_kv__2023__1kv__1kv2023,1416073,10,83.1
1t_kv__2023__2kv__2kv2023,1438249,10,83.1
1t_kv__2023__3kv__3kv2023,1468595,10,83.2
1t_kv__2023__4kv__4kv2023,1466320,16,89.5
1t_kv__2024__1kv__1t_kv_03_2024,1456083,10,92.5
1t_kv__2024__2kv__1t_kv_06_2024,1485615,10,92.5
1t_kv__2024__3kv__1t_kv_09_2024,1506346,10,92.4
1t_kv__2024__4kv__1t_kv_12_2024,1515869,10,92.4
2t__2021__2_t_oplata_truda_2021,1884114,13,91.5
2t__2022__2_t_oplata_truda_2022,1708363,16,92.9
2t__2023__2_t_oplata_truda_2023,1748127,16,92.8
2t__2024__sr_2t_ot_god_04_2024_parol_2025,1988210,20,94.3
d002__2021__ocenka,11953,48,76.1
d002__2021__subject,11953,52,100.0
d002__2022__ocenka,11934,63,61.2
d002__2022__subject,11934,48,100.0
d002__2023__ocenka,11953,98,45.3
d002__2023__subject,11953,75,74.8
d002__2024__ocenka,11931,97,45.0
d002__2024__subject,11931,75,74.7
d004__2021__1kv__kv_vopr0,12000,6,100.0
d004__2021__1kv__kv_vopr1,268143,9,88.9
d004__2021__1kv__kv_vopr10,7653,12,98.3
d004__2021__1kv__kv_vopr11,24680,33,97.0
d004__2021__1kv__kv_vopr12,5601,9,86.8
d004__2021__1kv__kv_vopr2,63983,9,99.5
d004__2021__1kv__kv_vopr3,26787,8,100.0
d004__2021__1kv__kv_vopr4,1737,8,100.0
d004__2021__1kv__kv_vopr5,5270,8,100.0
d004__2021__1kv__kv_vopr6,36743,10,85.1
d004__2021__1kv__kv_vopr7,14330,8,100.0
d004__2021__1kv__kv_vopr9,51716,20,66.2
d004__2022__1kv__kv_vopr0,12000,6,100.0
d004__2022__1kv__kv_vopr1,270907,9,88.9
d004__2022__1kv__kv_vopr10,7956,11,97.9
d004__2022__1kv__kv_vopr11,24874,33,100.0
d004__2022__1kv__kv_vopr12,5692,9,87.2
d004__2022__1kv__kv_vopr2,63392,9,99.6
d004__2022__1kv__kv_vopr3,27068,8,100.0
d004__2022__1kv__kv_vopr4,2583,8,100.0
d004__2022__1kv__kv_vopr5,4361,8,100.0
d004__2022__1kv__kv_vopr6,39345,10,86.0
d004__2022__1kv__kv_vopr7,15010,8,100.0
d004__2022__1kv__kv_vopr9,52913,19,69.1
d004__2023__1kv__kv_vopr0,12000,6,100.0
d004__2023__1kv__kv_vopr1,267827,10,90.0
d004__2023__1kv__kv_vopr10,7556,11,97.5
d004__2023__1kv__kv_vopr11,24831,33,100.0
d004__2023__1kv__kv_vopr12,6063,9,86.9
d004__2023__1kv__kv_vopr2,64324,9,99.3
d004__2023__1kv__kv_vopr3,27403,8,100.0
d004__2023__1kv__kv_vopr4,3018,8,100.0
d004__2023__1kv__kv_vopr5,4398,8,100.0
d004__2023__1kv__kv_vopr6,42121,10,85.2
d004__2023__1kv__kv_vopr7,15573,8,100.0
d004__2023__1kv__kv_vopr9,50314,19,64.5
d004__2024__1kv__kv_vopr0,12000,6,100.0
d004__2024__1kv__kv_vopr1,269130,10,90.0
d004__2024__1kv__kv_vopr10,8107,12,98.2
d004__2024__1kv__kv_vopr11,24535,33,100.0
d004__2024__1kv__kv_vopr12,6882,12,81.0
d004__2024__1kv__kv_vopr2,65466,9,99.2
d004__2024__1kv__kv_vopr3,26191,8,100.0
d004__2024__1kv__kv_vopr4,2843,8,100.0
d004__2024__1kv__kv_vopr5,4511,8,100.0
d004__2024__1kv__kv_vopr6,44054,10,85.6
d004__2024__1kv__kv_vopr7,16355,8,100.0
d004__2024__1kv__kv_vopr9,50165,20,67.6
d006__2021__rio,11636,247,33.8
d006__2022__rio2022,11744,247,33.2
d006__2023__rio2023,11659,247,32.9
d006__2024__rio_2024,11704,247,33.5
d008__2021__kontr_k,41868,29,57.1
d008__2022__kontr_k,42681,31,59.8
d008__2023__kontr_k,42689,31,57.1
d008__2024__kontr_k,41821,35,59.2
t001__2021__2021,472456,39,76.4
t001__2022__baza,467667,40,76.9
t001__2023__baza,475635,40,73.4
t001__2024__baza,469352,40,73.1
