reg,2021,2022,2023,2024,change
10,,66.1,66.0,67.1,
11,71.0,71.8,71.2,68.7,-2.3
15,67.1,66.5,65.2,67.4,0.3
19,66.6,67.4,65.6,64.7,-1.9
23,68.5,67.8,67.7,70.3,1.8
27,68.1,70.0,67.7,67.3,-0.8
31,63.1,62.5,63.4,66.4,3.3
33,,66.3,62.7,60.6,
35,67.3,65.6,65.5,65.5,-1.8
39,71.4,72.5,70.7,69.2,-2.2
43,60.6,60.2,61.3,58.6,-2.0
47,63.5,66.8,67.3,62.3,-1.2
55,74.2,73.2,71.8,71.9,-2.3
59,73.1,73.4,71.6,69.5,-3.6
61,64.4,62.3,63.0,61.3,-3.1
62,,67.8,62.4,64.2,
63,69.4,65.3,63.3,64.3,-5.1
71,61.9,66.5,66.1,68.2,6.3
75,63.7,59.2,61.5,61.9,-1.8
79,63.9,61.9,64.7,61.9,-2.0
