pair,n,pearson_r,spearman
площадь жилья ~ размер домохозяйства / dwelling area ~ hh size,11704,0.268,0.258
площадь ~ число детей / area ~ children,11704,0.206,0.203
благоустройство ~ доход / amenities ~ income,11661,0.015,0.021
предметы ДП ~ доход / durables ~ income,11661,0.098,0.143
доход ~ расход / income ~ spending,11948,0.241,0.33
доход на душу ~ удовлетворённость / income pc ~ satisfaction,11885,-0.075,-0.089
благоустройство ~ удовлетворённость / amenities ~ satisfaction,11674,0.002,-0.007
образование главы ~ доход / head education ~ income,11947,0.014,0.017
доля занятых ~ доход на душу / employment ratio ~ income pc,11948,0.336,0.318
