TE,hh,amenities,deprivation,income_month,area_pc,rural_pct,region
27,621,11.2,73.3,386887.0,25.3,67.3,ЗКО
31,656,11.4,72.8,328417.0,27.3,56.6,Жамбылская
79,480,11.6,72.3,293197.0,24.5,0.0,Шымкент
59,654,11.7,72.1,350632.0,26.2,58.4,СКО
11,760,11.8,71.9,332110.0,29.1,51.7,Акмолинская
19,464,11.8,71.9,372490.0,31.8,61.6,Алматинская
39,781,11.8,71.9,373004.0,28.7,49.0,Костанайская
33,452,12.2,70.9,312465.0,26.2,50.2,Жетісу
63,501,12.2,70.8,362583.0,30.0,51.1,ВКО
62,401,12.4,70.4,423086.0,24.0,43.9,Ұлытау
61,595,12.5,70.3,420039.0,28.1,67.7,Туркестанская
15,718,12.6,70.1,384286.0,26.3,48.6,Актюбинская
23,537,12.6,70.1,418357.0,27.2,40.4,Атырауская
43,585,12.7,69.7,401939.0,28.5,58.5,Кызылординская
47,546,12.7,69.7,415688.0,30.1,41.8,Мангистауская
10,492,12.8,69.4,339478.0,28.6,55.3,Абай
35,626,13.0,69.2,352922.0,29.5,39.9,Карагандинская
71,566,12.9,69.2,346086.0,25.9,0.0,Астана
75,738,13.2,68.5,345585.0,27.5,0.0,Алматы
55,827,13.7,67.3,347195.0,30.8,53.7,Павлодарская
